[
  {
    "id": "container-1",
    "name": "Storage Bay A",
    "capacity": 10,
    "section": "Forward"
  },
  {
    "id": "container-2",
    "name": "Storage Bay B",
    "capacity": 8,
    "section": "Mid-deck"
  },
  {
    "id": "container-3",
    "name": "Storage Bay C",
    "capacity": 12,
    "section": "Aft"
  },
  {
    "id": "container-4",
    "name": "Science Rack",
    "capacity": 6,
    "section": "Lab Module"
  },
  {
    "id": "container-5",
    "name": "Food Storage",
    "capacity": 15,
    "section": "Galley"
  }
]

